"concept","variable","first_year","last_year","generation","status","comparable","note"
"acehurt","ACEHURT",2009,2012,1,"verified",,""
"acehurt","ACEHURT1",2019,2024,2,"verified",TRUE,"The 2019 revision only moved the spanking exclusion from the end of the question to the beginning; the behaviors asked about and the answer choices are unchanged."
"addepev","ADDEPEV",2006,2010,1,"verified",,""
"addepev","ADDEPEV2",2011,2018,2,"verified",TRUE,"In 2011 the item moved from an optional module into the core and the lead-in changed from 'doctor or other healthcare provider' to 'doctor, nurse, or other health professional'; the disorder list and answers are unchanged."
"addepev","ADDEPEV3",2019,2024,3,"verified",TRUE,"The 2019 change is a tense tweak in the chronic-conditions battery ('you have' became 'you had'); the disorder list and answer choices are identical."
"addown","ADDOWN",2006,2015,1,"verified",,""
"addown","ADDOWN1",2018,2018,2,"verified",FALSE,"The 2006-2015 version asked how many of the last 14 days the respondent felt down, depressed or hopeless, while the 2018 version uses four frequency categories (Never to Nearly every day), so the response scales cannot be pooled."
"adeat","ADEAT",2006,2006,1,"verified",,""
"adeat","ADEAT1",2008,2015,2,"verified",TRUE,"Question wording and answer categories are identical in the 2006 and 2008 modules ('Over the last 2 weeks, how many days have you had a poor appetite or eaten too much?')."
"aidtst","_AIDTST2",2004,2010,1,"verified",,""
"aidtst","_AIDTST3",2011,2018,2,"verified",TRUE,"The underlying HIV testing question is word-for-word identical in 2010 and 2011; the rename tracks the 2011 survey redesign, which changed weighting rather than the item."
"aidtst","_AIDTST4",2019,2024,3,"verified",TRUE,"From 2019 the lead-in became 'Including fluid testing from your mouth, but not including tests you may have had for blood donation, have you ever been tested for HIV?'; the oral-fluid clause was kept, not dropped. Same measure and answer categories."
"alteth","_ALTETH2",2006,2016,1,"verified",,""
"alteth","_ALTETH3",2018,2024,2,"verified",TRUE,"Codes and answer labels identical across the rename; question wording not independently confirmed."
"asthma","ASTHMA",1989,2000,1,"verified",,""
"asthma","ASTHMA2",2001,2010,2,"verified",FALSE,"The 2000 question was 'Did a doctor ever tell you that you had asthma?'; from 2001 it asks about a doctor, nurse, or other health professional, so the set of diagnosing providers widened."
"asthma","ASTHMA3",2011,2024,3,"verified",TRUE,"In 2011 the item became the battery entry '(Ever told) you had asthma?', which reads the same as the 2001-2010 standalone question; answer choices are unchanged."
"asthmed","ASTHMED2",2005,2006,1,"verified",,""
"asthmed","ASTHMED3",2007,2017,2,"verified",TRUE,"Question and answers are identical in 2005 and 2007 ('During the past 30 days, how many days did you take a prescription asthma medication to PREVENT an asthma attack from occurring?'); only the dataset label changed from TIMES to DAYS."
"avedrnk","AVEDRNK",2001,2004,1,"verified",,""
"avedrnk","AVEDRNK2",2005,2018,2,"verified",TRUE,"The question is the same in both years, asking how many drinks the respondent drank on the average on the days when they drank; the 2005 revision only added an explicit drink-size definition and made the past 30 days timeframe explicit. The label change from drinks per occasion to drinks per day corrected the label to match the question rather than reflecting a change in the quantity asked."
"avedrnk","AVEDRNK3",2019,2023,3,"verified",FALSE,"AVEDRNK3 added code 88 for None, which AVEDRNK2 did not use, so a report of no drinks is coded differently in the two generations."
"avedrnk","AVEDRNK4",2024,2024,4,"verified",TRUE,"Codes and answer labels are identical across the rename; the 2024 rename accompanied _DRNKWK2 to _DRNKWK3, where the question stem and the calculation are unchanged."
"bmi","_BMI",1987,1999,1,"verified",,""
"bmi","_BMI2",2000,2002,2,"verified",TRUE,"Both compute the same body mass index and at the 1999 to 2000 boundary both store one implied decimal (about 25.6 stored as 256), but from 2001 _BMI2 switches to more decimal places, so check the stored scale before pooling."
"bmi","_BMI3",2003,2003,3,"verified",TRUE,"Same body mass index on the same stored scale (two implied decimals) on both sides of the rename."
"bmi","_BMI4",2004,2010,4,"verified",TRUE,"The BMI definition and stored scale are unchanged; 2004 began letting respondents report height and weight in metric units, which feeds the same calculation."
"bmi","_BMI5",2011,2024,5,"verified",TRUE,"Same computed body mass index on the same stored scale; the rename tracks the 2011 survey redesign, which changed weighting rather than the definition."
"bphigh","BPHIGH",1985,2000,1,"verified",,""
"bphigh","BPHIGH2",2001,2001,2,"verified",TRUE,"Wording is identical in 2000 and 2001 ('Have you ever been told by a doctor, nurse, or other health professional that you have high blood pressure?'); the item moved from an optional module into the core."
"bphigh","BPHIGH3",2002,2004,3,"verified",FALSE,"In 2002 a new category 'Yes, but female told only during pregnancy' became code 2 and 'No' moved from code 2 to code 3, so raw codes mean different things across the rename."
"bphigh","BPHIGH4",2005,2019,4,"verified",FALSE,"The 2005 version added the answer category 'Told borderline high or pre-hypertensive' (code 4), which absorbs responses that earlier versions forced into Yes or No."
"bphigh","BPHIGH6",2021,2023,5,"verified",FALSE,"The question stem is unchanged, but in 2021 the borderline category was broadened to 'Told borderline high or pre-hypertensive or elevated blood pressure', so code 4 captures a wider group than before."
"bpmeds","BPMEDS",2001,2021,1,"verified",,""
"bpmeds","BPMEDS1",2023,2023,2,"verified",TRUE,"Wording is identical at the rename ('Are you currently taking prescription medicine for your high blood pressure?' in both 2021 and 2023); the word 'prescription' was added around 2019 while the variable was still named BPMEDS."
"brthcnt","BRTHCNT2",2002,2002,1,"verified",,""
"brthcnt","BRTHCNT3",2004,2010,2,"verified",TRUE,"Codes and answer labels are identical apart from the apostrophe in the don't-know label; question wording not independently confirmed."
"brthcnt","BRTHCNT4",2022,2022,3,"rejected",,"The BRTHCNT name was reused in 2022 for a different question. BRTHCNT4 asks what else, if anything, the respondent or partner did to keep from getting pregnant at last intercourse, coded with the twelve-method contraceptive list plus a code 0 for nothing else, so it is a second-method follow-up rather than a version of the earlier yes-or-no item. In the 2022 module the yes-or-no question is the separate variable PFPPRVN4 and the first-method question is TYPCNTR9."
"cadult","CADULT",2011,2018,1,"verified",,""
"cadult","CADULT1",2019,2024,2,"verified",FALSE,"Same age screener, but through 2018 the yes answers also recorded sex (1 'Yes, male respondent', 2 'Yes, female respondent', 3 'No'), while from 2019 it is a plain 1 Yes / 2 No, so the codes are not interchangeable."
"casthdx","CASTHDX",2002,2004,1,"verified",,""
"casthdx","CASTHDX2",2005,2024,2,"verified",FALSE,"The item changed from a count of children diagnosed with asthma (only codes 77, 88, and 99 are labelled) to a yes-or-no question about one child, so the two generations are not on the same scale."
"cellsex","CELLSEX",2019,2021,1,"verified",,""
"cellsex","CELLSEX1",2022,2022,2,"verified",FALSE,"The 2022 version added a Nonbinary answer category (code 3) to the cell phone sex screener."
"cellsex","CELLSEX2",2023,2023,3,"verified",FALSE,"For 2023 the Nonbinary code was dropped and the screener instead routes respondents answering 'unspecified or another gender identity' to a separate sex-at-birth question, changing what the recorded answer means."
"cellsex","CELLSEX3",2024,2024,4,"verified",TRUE,"Codes and answer labels identical across the rename; question wording not independently confirmed."
"chccopd","CHCCOPD",2011,2011,1,"verified",,""
"chccopd","CHCCOPD1",2012,2018,2,"verified",TRUE,"Only the phrasing of the disease list was rearranged in 2012 ('(COPD) chronic obstructive pulmonary disease' became 'Chronic Obstructive Pulmonary Disease or COPD'); the conditions and answers are unchanged."
"chccopd","CHCCOPD2",2019,2020,3,"verified",TRUE,"The 2019 battery changed 'you have' to 'you had'; the disease list and answer choices are unchanged."
"chccopd","CHCCOPD3",2021,2024,4,"verified",TRUE,"The 2021 wording just reorders the abbreviation and its expansion ('C.O.P.D. (chronic obstructive pulmonary disease)'); the disease list and answers are unchanged."
"chckdny","CHCKDNY1",2018,2018,1,"verified",,""
"chckdny","CHCKDNY2",2019,2024,2,"verified",TRUE,"Codes and answer labels identical across the rename; question wording not independently confirmed."
"checkup","CHECKUP",1987,2006,1,"verified",,""
"checkup","CHECKUP1",2007,2024,2,"verified",TRUE,"Question wording and answer categories are identical in the 2006 and 2007 questionnaires; the rename coincided with cosmetic cleanup of the answer labels in the data files."
"chkhemo","CHKHEMO",1994,1999,1,"verified",,""
"chkhemo","CHKHEMO2",2000,2003,2,"verified",FALSE,"In 2000 the separate 'ever heard of glycosylated hemoglobin' screener was folded in as a new answer code (98 'Never heard of A one C test') and a definition of the test was read to everyone, so the item was restructured."
"chkhemo","CHKHEMO3",2004,2024,3,"verified",TRUE,"The only wording change was dropping the word 'hemoglobin' ('checked you for A one C'); the count format and answer codes are unchanged."
"cholch","_CHOLCH1",2017,2017,1,"verified",,""
"cholch","_CHOLCH2",2019,2019,2,"verified",TRUE,"The derived categories (checked within past 5 years, not checked, never checked) are identical; the rename tracks the recoding of the underlying cholesterol question."
"cholch","_CHOLCH3",2021,2023,3,"verified",TRUE,"The derived categories are identical and the underlying question's codes were also unchanged between 2019 and 2021."
"cholchk","CHOLCHK",1987,2015,1,"verified",,""
"cholchk","CHOLCHK1",2017,2017,2,"verified",FALSE,"The 2017 version recoded the answers (code 1 changed from 'Within the past year' to 'Never' and the time bands shifted down one code), so raw codes are not interchangeable."
"cholchk","CHOLCHK2",2019,2019,3,"verified",FALSE,"The 2019 version split the scale into single-year bands (adding 'Within the past 3 years' and 'Within the past 4 years') and moved '5 or more years ago' from code 5 to code 8, so the categories were redefined."
"cholchk","CHOLCHK3",2021,2023,4,"verified",TRUE,"Codes and answer labels identical across the rename; question wording not independently confirmed."
"cholmed","CHOLMED",1988,1990,1,"verified",,""
"cholmed","CHOLMED1",2017,2017,2,"verified",FALSE,"CHOLMED asked whether a doctor had prescribed medicine to lower cholesterol and CHOLMED1, 27 years later, asks whether the respondent is currently taking it; both use codes 1, 2, 7, and 9, but the questions differ."
"cholmed","CHOLMED2",2019,2019,3,"verified",TRUE,"Codes and answer labels are identical across the rename; question wording not independently confirmed."
"cholmed","CHOLMED3",2021,2023,4,"verified",TRUE,"Codes and answer labels are identical across the rename; question wording not independently confirmed."
"cigar","CIGAR",1998,1998,1,"verified",,""
"cigar","CIGAR2",2001,2003,2,"verified",TRUE,"Both ask whether the respondent ever smoked a cigar; the clarifier changed slightly from 'even just a few puffs' (1998) to 'even one or two puffs' (2001) and the item moved from the core into an optional module."
"clnscp","_CLNSCP1",2022,2022,1,"verified",,""
"clnscp","_CLNSCP2",2024,2024,2,"verified",TRUE,"Codes and answer labels are identical across the rename, and the underlying colonoscopy questions kept the same wording in 2022 and 2024."
"cncrtyp","CNCRTYP1",2012,2021,1,"verified",,""
"cncrtyp","CNCRTYP2",2022,2024,2,"verified",FALSE,"The 2022 version replaced the entire answer list, so the same numeric codes now mean different cancers (for example, code 5 changed from head and neck cancer to breast cancer), and values cannot be pooled without recoding."
"colgsex","COLGSEX",2019,2021,1,"verified",,""
"colgsex","COLGSEX1",2022,2022,2,"verified",FALSE,"The question text stayed 'Are you male or female?' but the 2022 version added a nonbinary answer option, changing the response set."
"coneff","CONEFF95",1995,1995,1,"verified",,""
"coneff","CONEFF2",1996,2004,2,"verified",TRUE,"The 95 in CONEFF95 marks the 1995 questionnaire, not an age screen. The 1995 files carry no value labels, but the variable label is identical and the 1995 and 1996 columns take the same six values (1 to 5 and 9) in nearly the same proportions."
"covidnu","COVIDNU1",2022,2022,1,"verified",,""
"covidnu","COVIDNU2",2023,2023,2,"verified",FALSE,"The question is the same in both years, but the top answer category changed from 'four or more' vaccinations to separate 'four' and 'five or more' categories."
"cprace","_CPRACE",2014,2020,1,"verified",,""
"cprace","_CPRACE1",2021,2021,2,"verified",TRUE,"Codes and answer labels are identical across the rename; the wording of the underlying child race question was not independently confirmed."
"cprace","_CPRACE2",2022,2022,3,"verified",FALSE,"The answer coding was reshuffled in 2022: the 'other race' category was dropped, the multiracial categories were renumbered, and a new 'no race choice given' code 88 was added, so values are not directly poolable."
"crcrec","_CRCREC",2014,2018,1,"verified",,""
"crcrec","_CRCREC1",2020,2020,2,"verified",FALSE,"The 2020 version added a separate 'never had any of the recommended tests' category that was previously folded into 'did not meet the recommendation', so the two-category and three-category versions do not line up."
"crcrec","_CRCREC2",2022,2022,3,"verified",FALSE,"The target population changed from adults aged 50 to 75 to adults aged 45 to 75 after the 2021 screening guideline update, so the denominators differ even though the answer categories are unchanged."
"crcrec","_CRCREC3",2024,2024,4,"verified",TRUE,"Codes, answer labels, and the ages 45 to 75 target group are identical across the rename; the wording of every underlying test question was not independently confirmed."
"crgvhou","CRGVHOU1",2019,2023,1,"verified",,""
"crgvhou","CRGVHOU2",2024,2024,2,"verified",FALSE,"The 2024 revision reworded the question: it now asks about providing 'regular care', and the examples changed from cleaning, managing money, or preparing meals to help with transportation, shopping, or managing money."
"crgvhrs","CRGVHRS",2009,2010,1,"verified",,""
"crgvhrs","CRGVHRS1",2015,2023,2,"verified",FALSE,"The 2009 to 2010 version recorded hours of care as an exact number, while the 2015 version collects hours in four weekly bands, so the response formats differ."
"crgvhrs","CRGVHRS2",2024,2024,3,"verified",FALSE,"The 2024 revision changed the answer bands from four categories (up to 8, 9 to 19, 20 to 39, 40 or more hours) to three (less than 20, 20 to 39, 40 or more hours)."
"crgvlng","CRGVLNG1",2015,2023,1,"verified",,""
"crgvlng","CRGVLNG2",2024,2024,2,"verified",FALSE,"The 2024 revision collapsed the duration categories from five to four with new boundaries, merging the 1 month to under 2 years range into a single category."
"crgvmst","CRGVMST1",2010,2010,1,"verified",,""
"crgvmst","CRGVMST2",2015,2017,2,"verified",FALSE,"The item changed from which areas of care the person most needs help with to which caregiver support service the respondent most needs, and the answer list was replaced."
"crgvmst","CRGVMST3",2018,2018,3,"verified",TRUE,"Codes and answer labels are identical across the rename; question wording not independently confirmed."
"crgvper","CRGVPER1",2019,2023,1,"verified",,""
"crgvper","CRGVPER2",2024,2024,2,"verified",FALSE,"The 2024 revision reworded the question: it now asks about 'regular care', and the examples changed from giving medications, feeding, dressing, or bathing to bathing, getting to the bathroom, or helping to eat."
"crgvprb","CRGVPRB1",2015,2015,1,"verified",,""
"crgvprb","CRGVPRB2",2016,2018,2,"verified",FALSE,"The 2016 version added injuries and old age categories and moved 'other' from code 13 to code 15, and the heart disease category was expanded to include stroke, so codes do not line up."
"crgvprb","CRGVPRB3",2019,2023,3,"verified",TRUE,"Answer categories and codes are identical; the dementia category label was expanded to explicitly name Alzheimer's disease, and the full question wording was not independently confirmed."
"crgvprb","CRGVPRB4",2024,2024,4,"verified",FALSE,"The 2024 revision replaced the answer list: categories were renumbered (Alzheimer's disease moved from code 5 to code 1), hearing or vision loss and movement disorder categories were added, and categories such as HIV and substance abuse were dropped."
"crgvrel","CRGVREL1",2015,2016,1,"verified",,""
"crgvrel","CRGVREL2",2017,2018,2,"verified",FALSE,"The 2017 version added an 'unmarried partner' answer option (code 16), changing the response set."
"crgvrel","CRGVREL3",2019,2019,3,"verified",FALSE,"In 2019 the code 8 category changed from 'same-sex partner' to 'live-in partner', which redefines that answer option."
"crgvrel","CRGVREL4",2020,2023,4,"verified",FALSE,"The 2020 version dropped the 'unmarried partner' answer option (code 16), changing the response set."
"crgvrel","CRGVREL5",2024,2024,5,"verified",FALSE,"The 2024 revision collapsed the 15 detailed relationship categories into 8 broader groups with new codes, for example mother and father became a single 'parent, stepparent, or parent-in-law' category."
"csrvctl","CSRVCTL1",2012,2018,1,"verified",,""
"csrvctl","CSRVCTL2",2019,2024,2,"verified",TRUE,"The four answer categories keep the same meaning at the same codes; their labels were only restated, for example 'Yes, with medication (or treatment)' became 'With medication (or treatment)'."
"csrvdoc","CSRVDOC",2009,2010,1,"verified",,""
"csrvdoc","CSRVDOC1",2012,2024,2,"verified",FALSE,"In 2012 the code 5 category was broadened from 'internist' to 'general practitioner, internist', which redefines that answer option relative to the separate family practitioner category."
"csrvtrt","CSRVTRT",2009,2010,1,"verified",,""
"csrvtrt","CSRVTRT1",2012,2016,2,"verified",FALSE,"The 2012 version split the single 'no' answer into three categories (completed treatment, refused treatment, not started treatment), changing the response set."
"csrvtrt","CSRVTRT2",2017,2018,3,"verified",FALSE,"The 2017 version added a 'treatment was not needed' answer option (code 5), changing the response set."
"csrvtrt","CSRVTRT3",2019,2024,4,"verified",TRUE,"Answer categories and codes are identical; one answer label was restated from 'treatment was not needed' to 'treatment was not necessary'."
"cstate","CSTATE",2011,2015,1,"verified",,""
"cstate","CSTATE1",2016,2024,2,"verified",FALSE,"The cell phone screening question changed in 2016 from asking whether you are a resident of the state to whether you currently live in the state, so the two versions can classify people such as students or seasonal residents differently."
"ctycode","CTYCODE",1988,2010,1,"verified",,""
"ctycode","CTYCODE1",2011,2012,2,"verified",TRUE,"Both versions record the respondent's county code under the same county numbering; the rename came with the 2011 survey redesign and no content change is documented."
"cureci","_CURECI1",2021,2021,1,"verified",,""
"cureci","_CURECI2",2022,2023,2,"verified",FALSE,"The derived current user categories are unchanged, but the e-cigarette question feeding them was reworded in 2022 from 'Do you now use e-cigarettes... every day, some days, or not at all?' to a combined never, current, or former use format."
"cureci","_CURECI3",2024,2024,3,"verified",TRUE,"The underlying e-cigarette question wording is identical in both generations and the derived categories are unchanged; only the recorded label for the former-user answer option was restated."
"cvdcrhd","CVDCRHD2",2001,2004,1,"verified",,""
"cvdcrhd","CVDCRHD3",2005,2006,2,"verified",TRUE,"Both versions ask whether a doctor, nurse, or other health professional ever told you that you had angina or coronary heart disease, with unchanged answer options."
"cvdcrhd","CVDCRHD4",2007,2024,3,"verified",TRUE,"Question wording and answer options are unchanged across the 2007 rename; both versions ask whether a health professional ever told you that you had angina or coronary heart disease."
"cvdexr","CVDEXR02",1996,2000,1,"verified",,""
"cvdexr","CVDEXR03",2001,2004,2,"verified",FALSE,"The 2001 files split don't know out of code 9 into code 7, so the codes are not interchangeable; the substantive codes 1 and 2 are unchanged."
"cvdinfr","CVDINFR2",2001,2004,1,"verified",,""
"cvdinfr","CVDINFR3",2005,2006,2,"verified",TRUE,"Codes and answer labels are identical apart from the apostrophe in the don't-know label; the catalog label moved from myocardial infarction to heart attack, the same condition in plainer words."
"cvdinfr","CVDINFR4",2007,2024,3,"verified",TRUE,"Codes and answer labels are identical across the rename; question wording not independently confirmed."
"cvdstrk","CVDSTRK2",2001,2004,1,"verified",,""
"cvdstrk","CVDSTRK3",2005,2024,2,"verified",TRUE,"Both versions ask whether a doctor, nurse, or other health professional ever told you that you had a stroke, with unchanged answer options."
"denstr","_DENSTR",1996,2001,1,"verified",,""
"denstr","_DENSTR2",2002,2012,2,"verified",FALSE,"The sampling stratum categories were redefined in 2002 (one-plus block versus zero block became listed, unlisted, and zero block), so codes do not align across the rename."
"denvst","_DENVST1",2006,2010,1,"verified",,""
"denvst","_DENVST2",2012,2016,2,"verified",TRUE,"Both versions are computed from the same dental visit question (LASTDEN3), whose wording was identical across the rename."
"denvst","_DENVST3",2018,2024,3,"verified",TRUE,"The dental visit stem is unchanged; the 2018 version expanded the existing specialist instruction (orthodontists) into a preamble that also names oral surgeons, other dental specialists, and dental hygienists."
"diabage","DIABAGE",1993,1999,1,"verified",,""
"diabage","DIABAGE2",2000,2018,2,"verified",FALSE,"Valid ages are unchanged, but the combined unknown-or-refused code 99 was split into 98 for don't know and 99 for refused in 2000."
"diabage","DIABAGE3",2019,2021,3,"verified",TRUE,"Question wording ('How old were you when you were told you have diabetes?') and codes are identical across the rename."
"diabage","DIABAGE4",2022,2024,4,"verified",TRUE,"The 2022 wording added 'first' and shifted tense ('How old were you when you were first told you had diabetes?'), clarifying rather than changing what is measured."
"diabedu","DIABEDU",2000,2021,1,"verified",,""
"diabedu","DIABEDU1",2022,2024,2,"verified",FALSE,"The item changed from whether a diabetes class was ever taken to when the last course was taken, and the answers became time bands, so the two generations are not on the same scale."
"diabete","DIABETE2",2004,2010,1,"verified",,""
"diabete","DIABETE3",2011,2018,2,"verified",FALSE,"The 2011 question broadened who made the diagnosis, from being told by a doctor to being told by a doctor, nurse, or other health professional."
"diabete","DIABETE4",2019,2024,3,"verified",TRUE,"Only the tense changed, from 'you have diabetes' to 'you had diabetes'; the answer categories are identical."
"diabeye","DIABEYE",2000,2021,1,"verified",,""
"diabeye","DIABEYE1",2022,2024,2,"verified",FALSE,"The item changed from whether diabetes had ever affected the eyes to when a photograph of the back of the eye was last taken, so the later generation measures screening recency rather than eye damage."
"drnkany","DRNKANY2",2001,2001,1,"verified",,""
"drnkany","DRNKANY3",2002,2004,2,"verified",FALSE,"The 2002 files dropped the not-applicable code 8 and added a separate don't-know code 7, so the codes are not interchangeable; the substantive codes 1 and 2 are unchanged."
"drnkany","DRNKANY4",2005,2010,3,"verified",TRUE,"Codes and answer labels are identical apart from the apostrophe in the don't-know label and whether Missing is spelled out in the refused label."
"drnkany","DRNKANY5",2011,2021,4,"verified",TRUE,"Codes and answer labels are identical apart from Missing being spelled out in the refused label."
"drnkany","DRNKANY6",2022,2024,5,"verified",TRUE,"Codes and answer labels are identical across the rename; question wording not independently confirmed."
"drnkdy","_DRNKDY2",2002,2004,1,"verified",,""
"drnkdy","_DRNKDY3",2005,2010,2,"verified",TRUE,"The calculation and codes are unchanged; the 2005 renames of the input questions only added clarifying wording such as a definition of a drink."
"drnkdy","_DRNKDY4",2011,2014,3,"verified",TRUE,"Codes and answer labels are identical across the rename, which accompanied the 2011 survey redesign; question wording not independently confirmed."
"drnkloc","DRNKLOC",2003,2004,1,"verified",,""
"drnkloc","DRNKLOC1",2008,2008,2,"verified",TRUE,"Answer categories are identical except that 'condominium' was dropped from the examples of home."
"drnkmo","_DRNKMO",1985,2001,1,"verified",,""
"drnkmo","_DRNKMO2",2002,2004,2,"verified",TRUE,"Codes are identical and the label changes are cosmetic, for example 'NONE' became 'Did not drink in the past month'; question wording not independently confirmed."
"drnkmo","_DRNKMO3",2005,2010,3,"verified",TRUE,"The calculation and codes are unchanged; the 2005 renames of the input questions only added clarifying wording such as a definition of a drink."
"drnkmo","_DRNKMO4",2011,2014,4,"verified",TRUE,"Codes and answer labels are identical across the rename, which accompanied the 2011 survey redesign; question wording not independently confirmed."
"drnkwk","_DRNKWK1",2019,2021,1,"verified",,""
"drnkwk","_DRNKWK2",2022,2023,2,"verified",TRUE,"The input question dropped its beverage examples in 2022 ('such as beer, wine, a malt beverage or liquor'); the calculation and codes are unchanged."
"drnkwk","_DRNKWK3",2024,2024,3,"verified",TRUE,"Renamed with AVEDRNK3->AVEDRNK4; the question stem, calculation, and codes are unchanged. The 40-ounce example the 2024 codebook prints in the question text has been a read-if-necessary interviewer note since 2019, not a new 2024 wording change."
"ecignow","ECIGNOW",2016,2020,1,"verified",,""
"ecignow","ECIGNOW1",2021,2021,2,"verified",FALSE,"The 2021 version dropped the separate ever-use screener and added a never-used response, so it covers all adults rather than only people who had ever used e-cigarettes."
"ecignow","ECIGNOW2",2022,2023,3,"verified",FALSE,"The response codes were reassigned in 2022 (never-used moved from code 4 to code 1 and the use categories shifted), so the same numbers mean different things across the rename."
"ecignow","ECIGNOW3",2024,2024,4,"verified",TRUE,"Question wording is identical; only the stored label for the former-user code was expanded to match the question text."
"employ","EMPLOY",1985,2012,1,"verified",,""
"employ","EMPLOY1",2013,2024,2,"verified",TRUE,"The out-of-work options were reworded slightly in 2013 ('more than 1 year' became '1 year or more' and a typo was fixed); the categories and the one-year cut point are unchanged."
"exerany","EXERANY",1985,2000,1,"verified",,""
"exerany","EXERANY2",2001,2024,2,"verified",FALSE,"The 2001 files split don't know out of code 9 into code 7, so the codes are not interchangeable; the substantive codes 1 and 2 are unchanged."
"exteth","_EXTETH2",2006,2016,1,"verified",,""
"exteth","_EXTETH3",2018,2024,2,"verified",TRUE,"The indicator still flags any permanent teeth removed; only the value label text changed between 'At risk/Not at risk' and 'Yes/No'."
"eyeexam","EYEEXAM",1994,2017,1,"verified",,""
"eyeexam","EYEEXAM1",2018,2024,2,"verified",TRUE,"The sensitivity-to-light explanation was folded into the question sentence in 2018; the response options are unchanged."
"facilit","FACILIT2",1998,2001,1,"verified",,""
"facilit","FACILIT3",2002,2002,2,"verified",FALSE,"The 2002 version restructured the question and answer list, adding 'some other kind of place' (6) and don't know (7) and changing code 8 from 'other place' to 'no usual place'."
"fallinj","FALLINJ",2003,2003,1,"verified",,""
"fallinj","FALLINJ2",2006,2016,2,"verified",FALSE,"The item changed from a yes-or-no question about being injured in a fall to a count of how many falls caused an injury."
"fallinj","FALLINJ3",2018,2018,3,"verified",FALSE,"The 2018 stem counts only injuries that limited regular activities for at least a day; the 2016 'or go see a doctor' arm was demoted to a read-if-necessary note (restored in 2020), so the injury definition respondents hear differs."
"fallinj","FALLINJ4",2020,2020,4,"verified",TRUE,"No wording change: the 2018 and 2020 questionnaires carry identical dual-form text with the injury criterion embedded in the stem, identical codes, skips, and interviewer notes. The definition was folded in with FALLINJ3 in 2018, not in 2020."
"fallinj","FALLINJ5",2023,2023,5,"verified",TRUE,"Question wording, codes, and the ages asked are identical; the variable was simply renamed when the falls questions returned in 2023."
"firearm","FIREARM2",1996,1998,1,"verified",,""
"firearm","FIREARM3",2001,2001,2,"verified",TRUE,"The question ('Are any firearms now kept in or around your home?') appears unchanged; the module was simply not on the questionnaire in 1999 and 2000."
"firearm","FIREARM4",2002,2017,3,"verified",TRUE,"Microdata codes match: 1/2/7/9 in both years (the 2001 catalog's 8 N/A and combined-9 labels are a generic format artifact). 2002 dropped 'now' from the stem, added injury-research framing, and moved the weapons definition into the preamble."
"firearm","FIREARM5",2021,2024,4,"verified",TRUE,"Same yes/no measure and codes. 2021 reframed the intro to safety/recreation, restored 'now' to the stem (per the CDC questionnaire and codebook; NC's page omits it), added revolvers to the definition, and dropped the starter-pistol exclusion."
"flshot","_FLSHOT2",2004,2004,1,"verified",,""
"flshot","_FLSHOT3",2005,2009,2,"verified",FALSE,"_FLSHOT2 is labelled a risk factor for respondents aged 65 and older while _FLSHOT3 onwards is the general flu shot recode, and codes 1 and 2 changed from not at risk and at risk to yes and no, so the two do not describe the same population."
"flshot","_FLSHOT4",2010,2010,3,"verified",TRUE,"Codes and answer labels are identical across the rename, but the underlying FLUSHOT question narrowed to the seasonal shot in 2010 (see the flushot family), so read that verdict before pooling."
"flshot","_FLSHOT5",2011,2012,4,"verified",TRUE,"Codes and answer labels are identical across the rename, but the underlying FLUSHOT question combined the shot and the nasal spray in 2011 (see the flushot family), so read that verdict before pooling."
"flshot","_FLSHOT6",2013,2018,5,"verified",TRUE,"Codes and answer labels are identical across the rename; question wording not independently confirmed."
"flshot","_FLSHOT7",2019,2024,6,"verified",TRUE,"Codes and answer labels are identical across the rename; question wording not independently confirmed."
"flshtmy","FLSHTMY1",2010,2010,1,"verified",,""
"flshtmy","FLSHTMY2",2011,2018,2,"verified",FALSE,"The 2010 version asked the month and year of the most recent seasonal flu shot only, while the 2011 version covers either the shot or the nasal spray vaccine."
"flshtmy","FLSHTMY3",2019,2024,3,"verified",TRUE,"The wording only reordered the shot and spray phrases; codes are identical."
"flushch","FLUSHCH1",2009,2009,1,"verified",,""
"flushch","FLUSHCH2",2010,2012,2,"verified",FALSE,"In 2010 the child flu question added 'seasonal' to exclude H1N1 pandemic vaccination, so the 2009 and 2010 answers differ in scope."
"flushot","FLUSHOT",1987,2003,1,"verified",,""
"flushot","FLUSHOT2",2004,2004,2,"verified",TRUE,"Question wording is identical; the variable was renamed when the separate nasal spray question was added in 2004."
"flushot","FLUSHOT3",2005,2009,3,"verified",TRUE,"A definitional preamble ('A flu shot is an influenza vaccine injected in your arm') was added in 2005; the question itself is unchanged."
"flushot","FLUSHOT4",2010,2010,4,"verified",FALSE,"The 2010 question asked about a seasonal flu shot to separate it from H1N1 pandemic vaccination, so it is narrower than the 2009 flu shot question."
"flushot","FLUSHOT5",2011,2012,5,"verified",FALSE,"The 2011 question combined the flu shot and the nasal spray vaccine into a single item, while the 2010 version asked about the shot only."
"flushot","FLUSHOT6",2013,2018,6,"verified",TRUE,"2013 dropped 'seasonal' from the intro and stem; the Fluzone Intradermal note was already present in 2012 under FLUSHOT5. With no separate pandemic vaccine remaining after 2010, the scope is effectively unchanged; codes identical."
"flushot","FLUSHOT7",2019,2024,7,"verified",TRUE,"The 2019 wording reordered the shot and spray phrases and added 'injected into your arm'; it still asks about either vaccine type in the past 12 months."
"fluspry","FLUSPRY2",2005,2009,1,"verified",,""
"fluspry","FLUSPRY3",2010,2010,2,"verified",FALSE,"The 2010 question added 'seasonal' to exclude H1N1 pandemic vaccination, so the 2009 and 2010 answers differ in scope; the FluMist sentence appears in both years, moved from after the question to before it."
"fruit","FRUIT",1990,2009,1,"verified",,""
"fruit","FRUIT1",2011,2015,2,"verified",FALSE,"The 2011 module changed the question from usual frequency (how often do you eat fruit, with per-year answers allowed) to times eaten during the past month."
"fruit","FRUIT2",2017,2021,3,"verified",FALSE,"The 2017 module revision reworded the question and told interviewers to exclude dried fruit, so the two generations are not directly comparable."
"fruitju","FRUITJU1",2011,2015,1,"verified",,""
"fruitju","FRUITJU2",2017,2021,2,"verified",FALSE,"The 2017 revision reworded the juice question, moving the added-sugar exclusions into the question and dropping the word PURE."
"fvgreen","FVGREEN",2011,2015,1,"verified",,""
"fvgreen","FVGREEN1",2017,2021,2,"verified",FALSE,"Despite matching archive labels, the 2017 question asks about green leafy or lettuce salad while the older question asked about dark green vegetables such as broccoli or spinach."
"gpwelpr","GPWELPR2",2007,2007,1,"verified",,""
"gpwelpr","GPWELPR3",2008,2012,2,"verified",TRUE,"Question wording changed only from 'How prepared' to 'How well prepared'; the answer choices are identical."
"grade","GRADE",1994,1994,1,"verified",,""
"grade","GRADE95",1995,1995,2,"verified",FALSE,"The 1995 revision changed the wording from 'begin AIDS education in school' to 'begin receiving education in school about HIV infection and AIDS'."
"grade","GRADE2",1996,2000,3,"verified",TRUE,"Question wording and answer codes are identical in 1995 and 1996; the 1995-only name simply carried a year suffix before the numbered name was adopted."
"hadhyst","HADHYST",1988,2000,1,"verified",,""
"hadhyst","HADHYST2",2001,2024,2,"verified",TRUE,"The question 'Have you had a hysterectomy?' is identical across the rename, and the don't-know answer existed on the questionnaire in both periods."
"hadpap","HADPAP",1988,2003,1,"verified",,""
"hadpap","HADPAP2",2004,2020,2,"verified",TRUE,"Only the test's name changed, from 'Pap smear' to 'Pap test'; the definition sentence and answer choices are identical."
"hadsigm","HADSIGM",1999,2000,1,"verified",,""
"hadsigm","HADSIGM2",2001,2003,2,"verified",TRUE,"The 2001 wording was lightly rephrased ('Have you ever had this exam?' became 'Have you ever had either of these exams?') without changing what is asked."
"hadsigm","HADSIGM3",2004,2019,3,"verified",TRUE,"One word changed in the exam description ('view the bowel' became 'view the colon'); everything else is identical."
"hadsigm","HADSIGM4",2021,2024,4,"verified",FALSE,"The 2021 colorectal screening redesign rewrote the lead-in from a description of the tube exam to 'exams to check for colon cancer' and added new follow-up questions."
"harehab","HAREHAB",2005,2007,1,"verified",,""
"harehab","HAREHAB1",2009,2017,2,"verified",FALSE,"The 2009 revision dropped the opening phrase 'After you left the hospital', so outpatient rehab is no longer tied to a hospital stay."
"hcvu","_HCVU65",2007,2010,1,"verified",,""
"hcvu","_HCVU651",2011,2020,2,"verified",TRUE,"Renamed with the 2011 survey redesign; the underlying coverage question was unchanged apart from adding Indian Health Services to its list of examples."
"hcvu","_HCVU652",2021,2022,3,"verified",FALSE,"From 2021 the indicator is built from a new question on the primary source of health insurance, and its categories changed from health care coverage to any form of health insurance."
"hcvu","_HCVU653",2023,2023,4,"verified",TRUE,"The 2023 change to the underlying insurance question was a word-order tweak only; the indicator's codes and meaning are unchanged."
"hcvu","_HCVU654",2024,2024,5,"verified",TRUE,"Codes and answer labels identical across the rename; question wording not independently confirmed."
"height","HEIGHT",1985,2003,1,"verified",,""
"height","HEIGHT2",2004,2004,2,"verified",FALSE,"The question is unchanged but 2004 added metric-unit reporting and moved the missing codes from 777/999 to 7777/9999, so raw values need recoding before pooling."
"height","HEIGHT3",2005,2024,3,"verified",TRUE,"Question and coding are identical in 2004 and 2005; only the printed label for the don't-know code changed."
"hepbrsn","HEPBRSN",2006,2006,1,"verified",,""
"hepbrsn","HEPBRSN2",2007,2007,2,"verified",TRUE,"The 2007 files carry no value labels, but the 2006 and 2007 columns take the same four values (1, 2, 7, and 9) in adjacent years; the label changed from high risk situations to hepatitis B behaviors. Question wording not independently confirmed."
"hivrisk","HIVRISK",1996,2001,1,"verified",,""
"hivrisk","HIVRISK2",2002,2010,2,"verified",FALSE,"The 2002 list of risk situations replaced 'tested positive for HIV' with 'given or received money or drugs in exchange for sex'."
"hivrisk","HIVRISK3",2011,2012,3,"verified",TRUE,"The four risk situations read to respondents are word-for-word identical in 2010 and 2011; the variable was renamed with the 2011 survey redesign."
"hivrisk","HIVRISK4",2016,2016,4,"verified",FALSE,"The 2016 version added a fifth risk situation, 'You had four or more sex partners in the past year'."
"hivrisk","HIVRISK5",2017,2024,5,"verified",FALSE,"In 2017 'used intravenous drugs' became 'injected any drug other than those prescribed for you', broadening the drug-use item, and the STD item was rephrased."
"hivtst","HIVTST3",2001,2003,1,"verified",,""
"hivtst","HIVTST4",2004,2004,2,"verified",TRUE,"Codes and answer labels are identical across the rename; question wording not independently confirmed."
"hivtst","HIVTST5",2005,2010,3,"verified",TRUE,"Codes and answer labels are identical apart from the apostrophe in the don't-know label; question wording not independently confirmed."
"hivtst","HIVTST6",2011,2018,4,"verified",TRUE,"Codes and answer labels are identical across the rename; question wording not independently confirmed."
"hivtst","HIVTST7",2019,2024,5,"verified",TRUE,"Codes and answer labels are identical across the rename; question wording not independently confirmed."
"hivtstd","HIVTSTD2",2002,2010,1,"verified",,""
"hivtstd","HIVTSTD3",2011,2024,2,"verified",TRUE,"Question wording is identical ('Not including blood donations, in what month and year was your last HIV test?'); renamed with the 2011 survey redesign."
"hlthpl","_HLTHPL1",2023,2023,1,"verified",,""
"hlthpl","_HLTHPL2",2024,2024,2,"verified",TRUE,"Codes and answer labels identical across the rename; question wording not independently confirmed."
"howsafe","HOWSAFE",1996,1999,1,"verified",,""
"howsafe","HOWSAFE1",2017,2024,2,"verified",FALSE,"The question stem is the same but the answer scale changed from 'Extremely safe/Quite safe/Slightly safe/Not at all safe' to 'Extremely safe/Safe/Unsafe/Extremely unsafe'."
"hpvadvc","HPVADVC",2008,2009,1,"verified",,""
"hpvadvc","HPVADVC2",2010,2018,2,"verified",FALSE,"In 2010 the module expanded from women only to all adults aged 18 to 49, and the vaccine description changed to 'cervical cancer or genital warts vaccine' with sex-specific brand names."
"hpvadvc","HPVADVC3",2019,2019,3,"verified",FALSE,"The 2019 version dropped the answer option 'Doctor refused when asked' and restructured the question so the vaccine description is read only if needed."
"hpvadvc","HPVADVC4",2020,2024,4,"verified",FALSE,"The 2020 version restored the answer option 'Doctor refused when asked' and shortened the question to 'Have you ever had an H.P.V. vaccination?'."
"htin","HTIN",2001,2002,1,"verified",,""
"htin","HTIN2",2003,2003,2,"verified",FALSE,"Height in inches is measured the same way, but the missing-value code moved from 99 to 999, so recode it before pooling."
"htin","HTIN3",2004,2010,3,"verified",TRUE,"Same height-in-inches measure; relabeled from 'reported' to 'computed' because 2004 onward converts metric answers into inches."
"htin","HTIN4",2011,2024,4,"verified",TRUE,"Codes and answer labels identical across the rename; question wording not independently confirmed."
"htm","HTM",2001,2002,1,"verified",,""
"htm","HTM2",2003,2003,2,"verified",TRUE,"Codes and answer labels identical across the rename; question wording not independently confirmed."
"htm","HTM3",2004,2010,3,"verified",TRUE,"Same height-in-meters measure; relabeled from 'reported' to 'computed' when metric self-reports were added in 2004."
"htm","HTM4",2011,2024,4,"verified",TRUE,"Codes and answer labels identical across the rename; question wording not independently confirmed."
"imfvpla","IMFVPLA1",2019,2020,1,"verified",,""
"imfvpla","IMFVPLA2",2021,2021,2,"verified",FALSE,"2021 added answer code 12, a drive-through location not listed elsewhere, which 2019 and 2020 lacked."
"imfvpla","IMFVPLA3",2022,2022,3,"verified",FALSE,"In 2022 the answer list was renumbered (10 became 'A school' and 11 the drive-through option) and the Canada/Mexico answer was dropped."
"imfvpla","IMFVPLA4",2023,2023,4,"verified",FALSE,"In 2023 the answer list was renumbered again: 10 returned to 'Received vaccination in Canada/Mexico', 11 to 'A school', and the drive-through answer was dropped."
"imfvpla","IMFVPLA5",2024,2024,5,"verified",FALSE,"2024 restored answer code 12, a drive-through location not listed elsewhere, which 2023 lacked."
"income","INCOME",1985,1994,1,"verified",,""
"income","INCOME95",1995,1995,2,"verified",FALSE,"The dollar categories stayed the same, but 1995 switched from reading all eight categories to a branching yes/no series, and the share reporting under $10,000 drops sharply at the change."
"income","INCOME2",1996,2020,3,"verified",TRUE,"The 1995 and 1996 questions are identical in wording, branching format, and dollar categories; the 1995-only name simply carried a year suffix."
"income","INCOME3",2021,2024,4,"verified",FALSE,"2021 split the top bracket: code 8 changed from '$75,000 or more' to '$75,000 to less than $100,000', and codes 9 through 11 were added up to '$200,000 or more'."
"incomg","_INCOMG",2003,2020,1,"verified",,""
"incomg","_INCOMG1",2021,2024,2,"verified",FALSE,"The 2021 version splits the top income group, so code 5 changed meaning from $50,000 or more to $50,000 to under $100,000, and codes 6 and 7 were added."
"insulin","INSULIN",1993,2018,1,"verified",,""
"insulin","INSULIN1",2019,2024,2,"verified",TRUE,"The question, Are you now taking insulin, is unchanged; the newer variable only adds a recorded don't know response code."
"ipvphyv","IPVPHYV1",2006,2006,1,"verified",,""
"ipvphyv","IPVPHYV2",2007,2007,2,"verified",TRUE,"Codes and answer labels are identical across the rename; question wording not independently confirmed for 2006."
"ipvrelt","IPVRELT1",2006,2006,1,"verified",,""
"ipvrelt","IPVRELT2",2007,2007,2,"verified",TRUE,"Question wording and all relationship categories are identical across the rename."
"joinpai","JOINPAI1",2017,2017,1,"verified",,""
"joinpai","JOINPAI2",2019,2023,2,"verified",TRUE,"The 0 to 10 average joint pain question for the past 30 days is unchanged apart from reordering of the sentence."
"jointrt","JOINTRT",2001,2001,1,"verified",,""
"jointrt","JOINTRT2",2002,2007,2,"verified",FALSE,"The 2002 version dropped nurse from the question, and the joint symptoms it refers to changed from symptoms in the past 12 months to symptoms in the past 30 days."
"ladult","LADULT",2012,2018,1,"verified",,""
"ladult","LADULT1",2019,2024,2,"verified",FALSE,"The screener question is unchanged, but the recorded answer changed; the old variable coded yes male versus yes female, while the new one records only yes and sex moved to a separate question."
"landsex","LANDSEX",2019,2021,1,"verified",,""
"landsex","LANDSEX1",2022,2022,2,"verified",FALSE,"The 2022 version added a nonbinary response option to the landline sex question."
"landsex","LANDSEX2",2023,2023,3,"verified",FALSE,"2023 shortened the stem to Are you? and reworded the third option from Nonbinary to Unspecified or another gender identity; code 3 persists in the 2023 data (105 records) although the CDC national codebook omits it."
"landsex","LANDSEX3",2024,2024,4,"verified",FALSE,"Stem unchanged, but recorded codes differ. 2023 data include code 3 (unspecified or another gender identity, omitted from the CDC codebook); the 2024 national file records no code 3 although the questionnaire kept a third gender option."
"lastden","LASTDEN2",1999,2004,1,"verified",,""
"lastden","LASTDEN3",2005,2016,2,"verified",TRUE,"Codes and the time bands they name are identical; the answer labels only spell out less than where the earlier files used the < sign."
"lastden","LASTDEN4",2018,2024,3,"verified",TRUE,"Codes and the time bands they name are identical; the answer labels only return to the < sign."
"lastpap","LASTPAP",1988,2003,1,"verified",,""
"lastpap","LASTPAP2",2004,2020,2,"verified",TRUE,"Codes and the five time bands they name are identical; the labels only spell out less than where the earlier files used the < sign, and the catalog label changed smear to test."
"lastsig","LASTSIG2",2001,2007,1,"verified",,""
"lastsig","LASTSIG3",2008,2019,2,"verified",FALSE,"The question is unchanged, but the answer scale was expanded in 2008; a within the past 3 years option was added, codes 3 to 5 changed meaning, and a new code 6 for 10 or more years ago was created."
"lastsig","LASTSIG4",2021,2024,3,"verified",FALSE,"In the 2021 redesign the question is asked only of people who had both exams or could not distinguish them, and the answer scale returned to five categories, so codes 3 to 5 changed meaning and code 6 was dropped."
"lastsmk","LASTSMK",2001,2003,1,"verified",,""
"lastsmk","LASTSMK1",2009,2010,2,"verified",FALSE,"The question is essentially unchanged, but the newer version adds response code 8 for people who never smoked regularly, who were previously screened out before the question."
"lastsmk","LASTSMK2",2011,2024,3,"verified",FALSE,"The question changed from time since last smoked cigarettes regularly to time since last smoked a cigarette, even one or two puffs."
"lmtact","_LMTACT1",2013,2017,1,"verified",,""
"lmtact","_LMTACT2",2019,2019,2,"verified",TRUE,"The calculated definition and its categories are unchanged; the variable was renamed when the underlying arthritis diagnosis variable was renamed."
"lmtact","_LMTACT3",2021,2021,3,"verified",TRUE,"The calculated definition and its categories are unchanged; the variable was renamed when the underlying arthritis diagnosis variable was renamed."
"lmtd","LMTD70",1993,1993,1,"rejected",,""
"lmtd","LMTD65",1994,1995,2,"rejected",,"These are age screened variants rather than versions of one item; the 1993 question was asked of adults 70 and older while the 1994 to 1995 question was asked of adults 65 and older."
"lmtjoin","LMTJOIN2",2002,2009,1,"verified",,""
"lmtjoin","LMTJOIN3",2011,2023,2,"verified",TRUE,"Question wording, answer codes, and the diagnosed arthritis skip pattern are unchanged across the rename."
"lmtwrk","_LMTWRK1",2013,2017,1,"verified",,""
"lmtwrk","_LMTWRK2",2019,2019,2,"verified",TRUE,"The calculated definition and its categories are unchanged; the variable was renamed when the underlying arthritis diagnosis variable was renamed."
"lmtwrk","_LMTWRK3",2021,2021,3,"verified",TRUE,"The calculated definition and its categories are unchanged; the variable was renamed when the underlying arthritis diagnosis variable was renamed."
"lstblds","LSTBLDS2",2001,2007,1,"verified",,""
"lstblds","LSTBLDS3",2008,2019,2,"verified",FALSE,"The question is unchanged, but the answer scale changed in 2008; a within the past 3 years option was added, codes 3 and 4 changed meaning, and code 5 became 5 or more years ago."
"lstblds","LSTBLDS4",2020,2020,3,"verified",FALSE,"The answer categories are unchanged, but in 2020 the question was restructured to refer to this test after a new lead in distinguishing stool test types, and eligibility expanded from ages 50 and older to 45 and older."
"lsttst","LSTTST95",1995,1995,1,"verified",,""
"lsttst","LSTTST2",1996,1997,2,"verified",TRUE,"Both versions record the month and year of the most recent HIV test with identical coding; the older name simply carried the survey year as a suffix."
"mam","_MAM5021",2014,2016,1,"verified",,""
"mam","_MAM5022",2018,2018,2,"verified",TRUE,"Codes and answer labels are identical across the rename, and the indicator definition, women aged 50 to 74 with a mammogram in the past two years, is unchanged."
"mam","_MAM5023",2020,2022,3,"verified",TRUE,"Codes and answer labels are identical across the rename, and the indicator definition, women aged 50 to 74 with a mammogram in the past two years, is unchanged."
"medcost","MEDCOST",1991,2020,1,"verified",,""
"medcost","MEDCOST1",2021,2024,2,"verified",FALSE,"The 2021 question changed from could not see a doctor because of cost to could not see a doctor because you could not afford it."
"nobcuse","NOBCUSE",2002,2002,1,"verified",,""
"nobcuse","NOBCUSE2",2004,2006,2,"verified",FALSE,"The reason list was restructured between 2002 and 2004; the not sexually active and same sex partner categories were dropped and the remaining reasons were renumbered."
"nobcuse","NOBCUSE3",2010,2010,3,"verified",FALSE,"A religious reasons category was added in the newer version, shifting the meaning of codes 6 through 17."
"nobcuse","NOBCUSE4",2011,2011,4,"verified",FALSE,"The 2011 version anchored the question to the last time you had sex and completely renumbered the reason list."
"nobcuse","NOBCUSE6",2017,2017,5,"verified",FALSE,"The single didn't think about it, don't care category was split into two, shifting all later codes and adding code 19 for other reasons."
"nobcuse","NOBCUSE7",2019,2019,6,"verified",FALSE,"The answer categories are identical, but the 2019 question was reworded to ask about not using a method to prevent pregnancy the last time you had sex with a man."
"nobcuse","NOBCUSE8",2022,2024,7,"verified",FALSE,"The 2022 version reworded the question and completely restructured the reason list from 19 categories to 14."
"nocov","NOCOV12",1996,2000,1,"verified",,""
"nocov","NOCOV121",2013,2018,2,"verified",TRUE,"The question wording is essentially unchanged; the item simply was not fielded between 2001 and 2012."
"numburn","NUMBURN",1999,2004,1,"verified",,""
"numburn","NUMBURN2",2010,2016,2,"verified",FALSE,"The question and categories changed: the old version asked about skin red for over 12 hours (top category six or more); the new one asks about red or painful sunburns lasting a day or more (top category five or more, plus a None option)."
"numburn","NUMBURN3",2018,2023,3,"verified",FALSE,"In 2018 the question dropped the red-or-painful qualifier and began recording the actual number of sunburns instead of grouped categories, so the response scales differ."
"numhhol","NUMHHOL2",2001,2017,1,"verified",,""
"numhhol","NUMHHOL3",2018,2021,2,"verified",FALSE,"The 2018 rewording also excludes numbers used for security systems, which earlier versions did not, so slightly different sets of phone numbers are counted."
"numhhol","NUMHHOL4",2022,2024,3,"verified",TRUE,"The 2022 version only adds the word landline to a question that already excluded cell phones; the meaning and answer options are unchanged."
"numphon","NUMPHON2",2001,2017,1,"verified",,""
"numphon","NUMPHON3",2018,2021,2,"verified",FALSE,"The question is unchanged, but 2018 added a None answer option that did not exist before, so the response sets differ."
"numphon","NUMPHON4",2022,2024,3,"verified",TRUE,"The 2022 version only adds the word landline; the meaning and answer options are unchanged."
"orace","ORACE",1985,2000,1,"verified",,""
"orace","ORACE2",2001,2012,2,"verified",FALSE,"The race categories were reassigned in 2001: code 3 narrowed from Asian or Pacific Islander to Asian, code 4 changed from American Indian or Alaska Native to Native Hawaiian or Other Pacific Islander, code 5 from Other to American Indian or Alaska Native, and Other moved to code 6."
"pacat","_PACAT",2011,2011,1,"verified",,""
"pacat","_PACAT1",2013,2017,2,"verified",TRUE,"The same four-level activity categorization and cut points are used in both periods; the variable was renamed when its input variables were renamed."
"pacat","_PACAT2",2019,2019,3,"verified",TRUE,"CDC renamed this variable only because its inputs were renamed; the calculation and four categories are identical. Code 9 is in the 2019 data (49,135 records) but the 2019 codebook omits its value label, so the catalog lacks a labeled 9."
"pacat","_PACAT3",2023,2023,4,"verified",TRUE,"CDC renamed this variable only because its inputs were renamed; the calculation and four categories are identical. Code 9 was in the 2019 data too; only its value label was missing from the 2019 codebook, and the 2023 codebook labels it again."
"paindx","_PAINDX1",2013,2017,1,"verified",,""
"paindx","_PAINDX2",2019,2019,2,"verified",TRUE,"CDC renamed this variable only because its inputs were renamed; the calculation and categories are identical."
"paindx","_PAINDX3",2023,2023,3,"verified",TRUE,"CDC renamed this variable only because its inputs were renamed; the calculation and categories are identical."
"parec","_PAREC",2011,2011,1,"verified",,""
"parec","_PAREC1",2013,2017,2,"verified",TRUE,"The same guideline categorization and cut points are used in both periods; the variable was renamed when its input variables were renamed."
"parec","_PAREC2",2019,2019,3,"verified",TRUE,"CDC renamed this variable only because its inputs were renamed; the calculation and categories are identical."
"parec","_PAREC3",2023,2023,4,"verified",TRUE,"CDC renamed this variable only because its inputs were renamed; the calculation and categories are identical."
"pastae","_PASTAE1",2013,2017,1,"verified",,""
"pastae","_PASTAE2",2019,2019,2,"verified",TRUE,"CDC renamed this variable only because its inputs were renamed; the calculation and categories are identical."
"pastae","_PASTAE3",2023,2023,3,"verified",TRUE,"CDC renamed this variable only because its inputs were renamed; the calculation and categories are identical."
"pcpsaad","PCPSAAD1",2012,2012,1,"verified",,""
"pcpsaad","PCPSAAD2",2013,2016,2,"verified",TRUE,"Question wording and answer options are identical across the rename."
"pcpsaad","PCPSAAD3",2018,2020,3,"verified",TRUE,"The 2018 version spells out Prostate-Specific Antigen or P.S.A. instead of PSA; the question is otherwise identical."
"pcpsars","PCPSARS1",2012,2020,1,"verified",,""
"pcpsars","PCPSARS2",2021,2024,2,"verified",FALSE,"The answer list shrank from five options to three in 2021: the family history and told-you-had-prostate-cancer options were dropped, and because of a prostate problem became because of a problem."
"pcsaids","PCSAIDS",1996,1999,1,"verified",,""
"pcsaids","PCSAIDS2",2001,2004,2,"verified",FALSE,"The item changed from how recently a doctor discussed sexual practices, answered on a four-level recency scale, to a yes-or-no question about condoms for HIV prevention in the past 12 months."
"pcstalk","PCSTALK",2021,2021,1,"verified",,""
"pcstalk","PCSTALK1",2022,2022,2,"verified",FALSE,"The 2021 version asked whether a provider ever talked with you about the P.S.A. test; the 2022 version instead asks what was discussed when you met with the provider, so the questions cover different situations."
"pcstalk","PCSTALK2",2023,2024,3,"verified",FALSE,"The 2023 version adds the word ever, asking whether the provider ever talked about the test rather than whether they did so at that meeting, which broadens the time frame."
"persdoc","PERSDOC",2000,2000,1,"verified",,""
"persdoc","PERSDOC2",2001,2020,2,"verified",TRUE,"The 2000 files carry no value labels, but the variable label is identical in 2000 and 2001 and the 2000 column takes the same five values (1, 2, 3, 7, and 9) in the same shape as 2001."
"persdoc","PERSDOC3",2021,2024,3,"verified",TRUE,"Codes and answer labels are identical across the rename (1 yes only one, 2 more than one, 3 no, 7, 9). The catalog label emphasises the multiple-provider answer from 2005 to 2020 and the question again from 2021, but the answer scale never moved."
"pfpprvn","PFPPRVN2",2017,2017,1,"verified",,""
"pfpprvn","PFPPRVN3",2019,2019,2,"verified",FALSE,"The 2019 version asks about the last time you had sex with a man rather than the last time you had sex, and the hysterectomy answer option was dropped."
"pfpprvn","PFPPRVN4",2022,2024,3,"verified",FALSE,"The 2022 version asks about sexual intercourse rather than sex with a man, and the no-partner and same-sex-partner answer options were dropped."
"pneumo","_PNEUMO2",2005,2017,1,"verified",,""
"pneumo","_PNEUMO3",2018,2024,2,"verified",FALSE,"The calculation, adults 65 and older who ever had a pneumonia shot, is unchanged, but the underlying question was shortened in 2018 and no longer explains that the shot is usually given once or twice in a lifetime."
"pneuvac","PNEUVAC2",2001,2004,1,"verified",,""
"pneuvac","PNEUVAC3",2005,2017,2,"verified",TRUE,"The 2005 revision only moved the explanatory sentence about the pneumococcal vaccine in front of the question; the content and answer options are unchanged."
"pneuvac","PNEUVAC4",2018,2024,3,"verified",FALSE,"The 2018 version drops the explanation that the shot is usually given only once or twice in a lifetime and differs from the flu shot, asking simply whether you ever had a pneumonia shot, also known as a pneumococcal vaccine."
"prace","_PRACE",2001,2012,1,"verified",,""
"prace","_PRACE1",2013,2021,2,"verified",FALSE,"Race codes were reassigned in 2013: code 3 changed from Asian to American Indian or Alaskan Native, code 4 from Native Hawaiian or Pacific Islander to Asian, and code 5 from American Indian or Alaskan Native to Native Hawaiian or Pacific Islander."
"prace","_PRACE2",2022,2022,3,"verified",FALSE,"The 2022 categories differ: code 6 changed from Other race to Multiracial but preferred race not answered, code 7 from No preferred race to Multiracial but no preferred race, and code 8 was replaced by 88, No race choice given."
"prediab","PREDIAB",2008,2008,1,"verified",,""
"prediab","PREDIAB1",2009,2021,2,"verified",FALSE,"The 2009 version added a Yes, during pregnancy option and moved No from code 2 to code 3, so the same codes mean different things across the rename."
"prediab","PREDIAB2",2022,2024,3,"verified",TRUE,"The 2022 rewording, Has a doctor ever told you that you had prediabetes, keeps the same meaning, and the answer options are identical."
"primins","PRIMINS1",2023,2023,1,"verified",,""
"primins","PRIMINS2",2024,2024,2,"verified",TRUE,"Codes and answer labels identical across the rename; question wording not independently confirmed."
"prsnl","PRSNL70",1993,1993,1,"rejected",,""
"prsnl","PRSNL65",1994,1995,2,"rejected",,"The question wording is identical, but in 1993 it was asked only of adults aged 70 and older while in 1994 and 1995 it was asked of adults 65 and older, so the two variables describe different populations."
"psatest","PSATEST",2001,2010,1,"verified",,""
"psatest","PSATEST1",2011,2024,2,"verified",TRUE,"The item still asks whether you ever had a PSA test with the same answer options; from 2011 the sentence defining the PSA test moved from the question itself to the start of the survey section."
"psatime","PSATIME",2001,2020,1,"verified",,""
"psatime","PSATIME1",2021,2024,2,"verified",TRUE,"The 2021 rewording, about how long since your most recent P.S.A. test rather than your last PSA test, keeps the same meaning, and the answer categories are identical."
"qlrest","QLREST",1995,2000,1,"verified",,""
"qlrest","QLREST2",2001,2012,2,"verified",TRUE,"The 1995 to 2000 files carry no value labels, but both generations are a count of days with the same support (1 to 30 plus 77, 88, and 99) and the variable label is identical in 2000 and 2001."
"race","RACE",1985,2000,1,"verified",,""
"race","RACE2",2001,2012,2,"verified",FALSE,"The two are not the same grouping: RACE codes missing values as 99 while RACE2 uses 9, and the category sizes shift sharply at the boundary (code 8 covers 1,399 respondents in 2000 and 17,588 in 2001), so the codes are not interchangeable."
"rcsrace","RCSRACE",2005,2012,1,"verified",,""
"rcsrace","RCSRACE1",2013,2014,2,"verified",FALSE,"The 2013 race question revision renamed the item and replaced the six single digit race codes with two digit codes that split Asian and Pacific Islander into detailed subcategories, so responses are not comparable with the 2005 to 2012 coding. CDC released the RCSRACE1 column empty in the 2013 and 2014 public files; child race for those years is carried by the computed variables _CRACE1, _CHISPNC, and _IMPCRAC."
"rcvfvch","RCVFVCH2",2006,2006,1,"verified",,"The 2006 Child Influenza Vaccination Supplement asks during what month and year the child received the most recent flu vaccination, which may have been either the flu shot or the flu spray. The question was asked only about children at least 6 months old who had received a flu shot or flu vaccine sprayed in the nose during the past 12 months."
"rcvfvch","RCVFVCH3",2009,2009,2,"verified",,"Both record the month and year of the child's most recent flu vaccination, but the child flu module was restructured between 2006 and 2009 and the wording change could not be confirmed."
"rcvfvch","RCVFVCH4",2010,2012,3,"verified",FALSE,"The 2010 version asks specifically about the seasonal flu vaccine, which was distinguished from H1N1 vaccination starting in the 2009-10 season."
"rfbing","_RFBING2",2002,2004,1,"verified",,""
"rfbing","_RFBING3",2005,2005,2,"verified",TRUE,"The binge drinking question (five or more drinks on one occasion for everyone) is unchanged; only the drinking-days screener question was renamed."
"rfbing","_RFBING4",2006,2010,3,"verified",FALSE,"In 2006 the binge threshold for women was lowered from five to four drinks, so the two generations use different definitions."
"rfbing","_RFBING5",2011,2021,4,"verified",TRUE,"Codes and answer labels are identical and the binge question is unchanged; the 2011 rename accompanied the survey redesign, which changed weighting rather than the question."
"rfbing","_RFBING6",2022,2024,5,"verified",TRUE,"Codes and answer labels are identical and the binge question is unchanged; the rename tracks a 2022 revision of the drinking-days screener question."
"rfbmi","_RFBMI2",2000,2002,1,"verified",,""
"rfbmi","_RFBMI3",2003,2003,2,"verified",TRUE,"Both generations classify adults with body mass index 25 or higher as overweight or obese; only the label style changed."
"rfbmi","_RFBMI4",2004,2010,3,"verified",TRUE,"The threshold is body mass index 25 or higher in both generations; answer labels simply changed from risk wording to yes and no."
"rfbmi","_RFBMI5",2011,2024,4,"verified",TRUE,"Codes and answer labels are identical across the rename, and the threshold remains body mass index 25 or higher."
"rfchol","_RFCHOL",1990,2015,1,"verified",,""
"rfchol","_RFCHOL1",2017,2017,2,"verified",FALSE,"From 2017 the screening question changed from asking whether cholesterol was ever checked to a single question about how long since the last check, altering how this measure is derived."
"rfchol","_RFCHOL2",2019,2019,3,"verified",TRUE,"Codes and answer labels are identical across the rename and the told-high question is unchanged; question wording was not independently confirmed."
"rfchol","_RFCHOL3",2021,2023,4,"verified",TRUE,"Codes and answer labels are identical across the rename; the underlying question now says cholesterol rather than blood cholesterol."
"rfdrhv","_RFDRHV2",2002,2004,1,"verified",,""
"rfdrhv","_RFDRHV3",2005,2010,2,"verified",TRUE,"Codes 1 and 2 keep their meaning (1 not a heavy drinker, 2 a heavy drinker); only the answer labels changed from risk wording to no and yes."
"rfdrhv","_RFDRHV4",2011,2014,3,"verified",TRUE,"Codes and answer labels are identical across the rename; the drinks-per-week thresholds behind the recode were not independently confirmed."
"rfdrhv","_RFDRHV5",2015,2017,4,"verified",TRUE,"Codes and answer labels are identical across the rename; the drinks-per-week thresholds behind the recode were not independently confirmed."
"rfdrhv","_RFDRHV6",2018,2018,5,"verified",TRUE,"Codes and answer labels are identical across the rename; the drinks-per-week thresholds behind the recode were not independently confirmed."
"rfdrhv","_RFDRHV7",2019,2021,6,"verified",TRUE,"Codes and answer labels are identical across the rename; the drinks-per-week thresholds behind the recode were not independently confirmed."
"rfdrhv","_RFDRHV8",2022,2023,7,"verified",TRUE,"Codes and answer labels are identical across the rename; the drinks-per-week thresholds behind the recode were not independently confirmed."
"rfdrhv","_RFDRHV9",2024,2024,8,"verified",TRUE,"Codes and answer labels are identical across the rename; the drinks-per-week thresholds behind the recode were not independently confirmed."
"rfdrmn","_RFDRMN2",2002,2004,1,"verified",,""
"rfdrmn","_RFDRMN3",2005,2010,2,"verified",TRUE,"Codes 1 and 2 keep their meaning (1 not a heavy drinker, 2 a heavy drinker); only the answer labels changed from risk wording to no and yes."
"rfdrmn","_RFDRMN4",2011,2014,3,"verified",TRUE,"Codes and answer labels are identical across the rename; the drinks-per-week thresholds behind the recode were not independently confirmed."
"rfdrwm","_RFDRWM2",2002,2004,1,"verified",,""
"rfdrwm","_RFDRWM3",2005,2010,2,"verified",TRUE,"Codes 1 and 2 keep their meaning (1 not a heavy drinker, 2 a heavy drinker); only the answer labels changed from risk wording to no and yes."
"rfdrwm","_RFDRWM4",2011,2014,3,"verified",TRUE,"Codes and answer labels are identical across the rename; the drinks-per-week thresholds behind the recode were not independently confirmed."
"rfmam","_RFMAM",1998,1998,1,"verified",,""
"rfmam","_RFMAM21",2018,2018,2,"verified",FALSE,"The 21, 22, and 23 suffixes are version counters on the _RFMAM2 base, not age screens. _RFMAM ran only in 1998, twenty years earlier, and codes its missing group as 7 where _RFMAM21 uses 9, so the two recodes are not interchangeable."
"rfmam","_RFMAM22",2020,2022,3,"verified",TRUE,"Codes and answer labels are identical across the rename, and the indicator definition, women aged 40 and older with a mammogram, is unchanged."
"rfmam","_RFMAM23",2024,2024,4,"verified",TRUE,"Codes and answer labels are identical across the rename, and the indicator definition, women aged 40 and older with a mammogram, is unchanged."
"rfpsa","_RFPSA21",2012,2016,1,"verified",,""
"rfpsa","_RFPSA22",2018,2018,2,"verified",TRUE,"Codes and answer labels are identical across the rename; the 2 in the name refers to a PSA test within the past 2 years and the final digit is the version."
"rfpsa","_RFPSA23",2020,2020,3,"verified",TRUE,"Codes and answer labels are identical across the rename, and the underlying PSA questions are the same variables in both years."
"rfsmok","_RFSMOK2",1993,2004,1,"verified",,""
"rfsmok","_RFSMOK3",2005,2024,2,"verified",TRUE,"The current smoker definition (smoked at least 100 cigarettes and now smokes every day or some days) is unchanged; answer labels changed from risk wording to yes and no."
"rmvteth","RMVTETH3",2006,2016,1,"verified",,""
"rmvteth","RMVTETH4",2018,2024,2,"verified",TRUE,"Codes and answer labels are identical across the rename; question wording was not independently confirmed."
"rout","ROUT70",1993,1993,1,"rejected",,""
"rout","ROUT65",1994,1995,2,"rejected",,"The 1993 version was asked only of adults aged 70 and older and the 1994 version of adults 65 and older, so the suffix marks the eligible age group, not a new question version."
"rrclass","RRCLASS2",2004,2014,1,"verified",,""
"rrclass","RRCLASS3",2022,2023,2,"verified",FALSE,"The 2022 version added a Mixed race option at code 7, which previously meant don't know, and moved don't know and refused to codes 77 and 99."
"rremtsm","RREMTSM1",2005,2006,1,"verified",,""
"rremtsm","RREMTSM2",2007,2014,2,"verified",FALSE,"The item changed from a frequency scale covering the past 12 months to a yes or no question about the past 30 days."
"rrhcare","RRHCARE2",2004,2006,1,"verified",,""
"rrhcare","RRHCARE3",2007,2014,2,"verified",TRUE,"Both generations state the past 12 months in the stem: the 2004 and 2005 questionnaires already read 'Within the past 12 months, when seeking health care...'. The 2007 change added only 'for people of other races' and a SAS label update."
"rrhcare","RRHCARE4",2022,2023,3,"verified",FALSE,"The 2022 version dropped the response option for people who had no health care in the past 12 months."
"rrphysm","RRPHYSM1",2005,2006,1,"verified",,""
"rrphysm","RRPHYSM2",2007,2023,2,"verified",FALSE,"The item changed from a frequency scale covering the past 12 months to a yes or no question about the past 30 days."
"rsnmrjn","RSNMRJN1",2018,2020,1,"verified",,""
"rsnmrjn","RSNMRJN2",2021,2021,2,"verified",TRUE,"The three response categories are unchanged; the 2021 revision only dropped the parenthetical examples read with the medical and non-medical options."
"sbonti","_SBONTI1",2022,2022,1,"verified",,""
"sbonti","_SBONTI2",2024,2024,2,"verified",TRUE,"Codes, answer labels, and the underlying screening questions are unchanged between 2022 and 2024; question wording was not independently confirmed."
"sdhfood","SDHFOOD",2017,2017,1,"verified",,""
"sdhfood","SDHFOOD1",2022,2024,2,"verified",FALSE,"The answer scale changed from three levels (often, sometimes, and never true) to five (always, usually, sometimes, rarely, and never), so the codes are not interchangeable."
"selcptn","SELCPTN2",1997,1997,1,"verified",,""
"selcptn","SELCPTN3",1998,2001,2,"verified",FALSE,"From 1998 the question was asked only of adults aged 18 to 49, versus 18 to 64 in 1997, so the covered populations differ."
"sex","SEX",1985,2017,1,"verified",,""
"sex","SEX1",2018,2018,2,"verified",FALSE,"The 2018 version added a don't know or not sure response code that the earlier variable did not have."
"sgms","_SGMS101",2022,2022,1,"verified",,""
"sgms","_SGMS102",2024,2024,2,"verified",TRUE,"Codes, answer labels, and the underlying screening questions are unchanged between 2022 and 2024; the 10 in the name refers to the past 10 years and the final digit is the version."
"sgmscp","_SGMSCP1",2022,2022,1,"verified",,""
"sgmscp","_SGMSCP2",2024,2024,2,"verified",TRUE,"Codes, answer labels, and the underlying screening questions are unchanged between 2022 and 2024; question wording was not independently confirmed."
"shingle","SHINGLE1",2011,2012,1,"verified",,""
"shingle","SHINGLE2",2014,2024,2,"verified",TRUE,"Codes and answer labels are identical across the rename; the question was lightly reworded to say shingles or zoster vaccine, and wording was not independently confirmed."
"slepday","SLEPDAY",2009,2012,1,"verified",,""
"slepday","SLEPDAY1",2017,2018,2,"verified",FALSE,"SLEPDAY counts days in the past 30 days and SLEPDAY1 counts days over the last 2 weeks, so the two counts do not share a base even though both use 77, 88, and 99."
"smkdete","SMKDETE2",1998,2000,1,"verified",,""
"smkdete","SMKDETE3",2003,2003,2,"verified",FALSE,"The 2003 version says smoke alarms instead of smoke detectors and adds a separate don't know code; the substantive time categories are unchanged."
"smoker","_SMOKER",1985,1993,1,"verified",,""
"smoker","_SMOKER2",1994,2004,2,"verified",FALSE,"In 1993 _SMOKER takes codes 1 to 4 and 9 while in 1994 _SMOKER2 takes codes 1 to 6 and 9, so the status scale was not the same at the handover."
"smoker","_SMOKER3",2005,2024,3,"verified",TRUE,"Codes and answer labels are identical apart from the apostrophe in the don't-know label; the four levels (smokes every day, smokes some days, former, and never) are unchanged."
"ssbfrut","SSBFRUT1",2012,2012,1,"verified",,""
"ssbfrut","SSBFRUT2",2013,2016,2,"verified",FALSE,"The 2013 revision broadened the question from sweetened fruit drinks alone to also include sweet tea and sports or energy drinks."
"ssbfrut","SSBFRUT3",2017,2024,3,"verified",TRUE,"Question wording is unchanged across the rename; the only coding difference is an unused 'less than one time per month' code that never appears in the data."
"ssbsugr","SSBSUGR1",2012,2012,1,"verified",,""
"ssbsugr","SSBSUGR2",2016,2024,2,"verified",TRUE,"The soda question is unchanged across the rename; the only coding difference is an unused 'less than one time per month' code that never appears in the data."
"stoldn","_STOLDN1",2022,2022,1,"verified",,""
"stoldn","_STOLDN2",2024,2024,2,"verified",TRUE,"Codes and category labels are identical across the rename; the underlying calculation was not independently compared."
"stooldn","STOOLDN1",2021,2021,1,"verified",,""
"stooldn","STOOLDN2",2022,2024,2,"verified",TRUE,"Codes and answer labels are identical across the rename; question wording was not independently confirmed for both years."
"strehab","STREHAB",2005,2007,1,"verified",,""
"strehab","STREHAB1",2009,2017,2,"verified",FALSE,"The earlier question asked about outpatient rehabilitation 'after you left the hospital' following a stroke; the 2009 version dropped the hospital phrase."
"svnotch","SVNOTCH",2005,2006,1,"verified",,""
"svnotch","SVNOTCH2",2007,2007,2,"verified",TRUE,"Codes and answer labels are identical across the rename; question wording was not independently confirmed for both module versions."
"telserv","TELSERV",2003,2004,1,"verified",,""
"telserv","TELSERV2",2005,2009,2,"verified",TRUE,"Codes and answer labels are identical across the rename; question wording not independently confirmed."
"telserv","TELSERV3",2010,2010,3,"verified",FALSE,"The 2010 label asks specifically about landline service where the earlier generations asked about phone service generally, so the two do not cover the same interruption; the codes are unchanged."
"tetanus","TETANUS",2013,2017,1,"verified",,""
"tetanus","TETANUS1",2018,2024,2,"verified",FALSE,"The reference period changed in 2018 from 'since 2005' to 'in the past 10 years'."
"toldhi","TOLDHI",1987,2000,1,"verified",,""
"toldhi","TOLDHI2",2001,2019,2,"verified",TRUE,"The flagged extra Don't know code is a gap in the older format library, not a real coding change; the data use codes 1, 2, 7, and 9 in both versions."
"toldhi","TOLDHI3",2021,2023,3,"verified",TRUE,"The 2021 question dropped the word 'blood' (now 'your cholesterol is high'); meaning and answer choices are unchanged."
"typcntr","TYPCNTR2",2002,2002,1,"verified",,""
"typcntr","TYPCNTR3",2004,2004,2,"verified",FALSE,"The method list was expanded in 2004 (hysterectomy added at code 2, codes 14 and 15 added) and the later codes shifted with it, so the codes are not interchangeable."
"typcntr","TYPCNTR4",2006,2006,3,"verified",FALSE,"Codes 2 to 10 were reassigned in 2006: code 2 changed from hysterectomy to vasectomy and code 8 from Lunelle shots to the contraceptive ring."
"typcntr","TYPCNTR5",2010,2010,4,"verified",FALSE,"The list was renumbered again in 2010: code 2 changed from hysterectomy to vasectomy, code 3 from vasectomy to birth control pills, and code 4 from pills to male condoms."
"typcntr","TYPCNTR6",2011,2011,5,"verified",FALSE,"The 2011 list added codes 16 to 18 and reordered the methods, so the codes are not interchangeable."
"typcntr","TYPCNTR7",2017,2017,6,"verified",TRUE,"Codes and answer labels are identical apart from spacing in the hormonal IUD entry."
"typcntr","TYPCNTR8",2019,2019,7,"verified",TRUE,"The 2019 answer labels only add brand examples and reorder the words in the IUD entries; the methods and their codes are unchanged."
"typcntr","TYPCNTR9",2022,2024,8,"verified",FALSE,"The 2022 list was collapsed to twelve methods and codes 13 to 18 were dropped, so the codes are not interchangeable."
"usecond","USECOND2",1997,1997,1,"verified",,"The 1997 item was fixed core question 77c in the HIV/AIDS section, asked only of respondents who said they had changed their sexual behavior because of HIV in the past 12 months, and it asked whether one of the changes they made was to now always use condoms for protection. Response codes were yes, no, don't know, and refused."
"usecond","USECOND3",1998,2001,2,"verified",FALSE,"The 1998 optional Sexual Behavior module kept the changed-behavior gate but reworded the item from a report of a change made in the past 12 months to the current status question of whether the respondent now always uses condoms for protection, and it added a not applicable response code that took about 8 percent of asked respondents in 1998. The question wording and code set stayed identical through 2001, although the 2001 administration restricted the module to respondents aged 49 or younger and coded abstinent respondents as not applicable, which raised that code to about 44 percent of asked respondents. The change-report versus current-status framing and the new response code make estimates not comparable with the 1997 fixed core item."
"useever","USEEVER",1986,2000,1,"verified",,""
"useever","USEEVER2",2001,2004,2,"verified",FALSE,"Before 2001 the answer recorded which product had been used (chewing tobacco, snuff, both, neither); from 2001 it is a simple yes/no."
"useever","USEEVER3",2008,2008,3,"verified",FALSE,"The 2008 version added snus to the smokeless tobacco product list."
"usemrjn","USEMRJN1",2017,2017,1,"verified",,""
"usemrjn","USEMRJN2",2018,2020,2,"verified",TRUE,"Codes and answer labels are identical across the rename; question wording was not independently confirmed."
"usemrjn","USEMRJN3",2021,2021,3,"verified",TRUE,"Answer categories are unchanged; only the parenthetical examples were reworded, such as the dabbing examples changing from 'waxes or concentrates' to 'a dabbing rig, knife, or dab pen'."
"usemrjn","USEMRJN4",2022,2024,4,"verified",FALSE,"In 2022 the eat and drink answers were merged into one category and the remaining options were renumbered, so codes do not line up across the rename."
"usenow","USENOW",1986,2000,1,"verified",,""
"usenow","USENOW2",2001,2004,2,"verified",FALSE,"Before 2001 the answer recorded which product was used (chewing tobacco, snuff, both, neither); from 2001 the question asks how often: every day, some days, or not at all."
"usenow","USENOW3",2008,2024,3,"verified",FALSE,"The 2008 version added snus to the product list; the every day, some days, not at all scale is unchanged."
"vacare","VACARE",2000,2007,1,"verified",,""
"vacare","VACARE1",2008,2008,2,"verified",TRUE,"Answer categories are identical apart from 'health care' being spelled 'healthcare'; the 2008 question wording was not independently confirmed."
"vclntes","VCLNTES1",2021,2021,1,"verified",,""
"vclntes","VCLNTES2",2022,2024,2,"verified",FALSE,"The 2022 version redefined the recency categories: 'within the past 3 years' and 'within the past 5 years' became 'within the past 5 years' and 'within the past 10 years', and the top category moved from 5 to 10 or more years."
"vegetab","VEGETAB1",2011,2015,1,"verified",,""
"vegetab","VEGETAB2",2017,2021,2,"verified",TRUE,"The code scale is identical (300, 555, 777, and 999 around a frequency count). CDC's 2017 files give FRENCHF1, POTATOE1, and VEGETAB2 the same french-fries label, so the label difference here is a CDC labelling artifact rather than a change of item."
"veteran","VETERAN",2000,2006,1,"verified",,""
"veteran","VETERAN1",2007,2008,2,"verified",FALSE,"The 2007 version added a clarification that active duty excludes Reserve or National Guard training but includes activation, which can shift answers for Guard and Reserve members."
"veteran","VETERAN2",2009,2010,3,"verified",FALSE,"The 2009 version replaced the yes/no answer with five service-status categories (now on active duty, active in the past year, earlier service, training only, never served)."
"veteran","VETERAN3",2011,2024,4,"verified",FALSE,"The 2011 version collapsed the five service-status categories back to a yes/no answer."
"vetstat","VETSTAT",2000,2000,1,"verified",,""
"vetstat","VETSTAT2",2003,2008,2,"verified",FALSE,"The single 'no longer in military service' answer was split into retired, medically discharged, and discharged categories in the later version."
"victrct","VICTRCT2",2006,2010,1,"verified",,""
"victrct","VICTRCT3",2011,2011,2,"verified",FALSE,"The 2011 coding drops the 'Not applicable (blind)' response, and the 2011 variable contains no responses in the public data, so the two versions cannot be compared in practice."
"victrct","VICTRCT4",2012,2015,3,"verified",FALSE,"The 'had cataracts removed' answer changed from a yes category ('Yes, but had them removed') to a no category ('No, I had them removed'), so code 2 reads differently across the rename."
"vircol","_VIRCOL1",2022,2022,1,"verified",,""
"vircol","_VIRCOL2",2024,2024,2,"verified",TRUE,"Codes and category labels are identical across the rename; the underlying calculation was not independently compared."
"weight","WEIGHT",1985,2003,1,"verified",,""
"weight","WEIGHT2",2004,2024,2,"verified",FALSE,"From 2004 the field is four digits, weight can be reported in pounds or kilograms (kilogram reports are stored as 9000 plus the value), and the missing codes changed from 777/999 to 7777/9999."
"whydone","WHYDONE",1987,2001,1,"verified",,""
"whydone","WHYDONE3",2003,2003,2,"verified",FALSE,"The item changed from a three-way reason for the mammogram (routine checkup, breast problem, and had breast cancer) to a yes-or-no question about checking a problem, so the answers are not on the same scale."
"wtkg","WTKG",2001,2003,1,"verified",,""
"wtkg","WTKG2",2004,2010,2,"verified",TRUE,"Both store computed weight in kilograms with two implied decimal places at the rename boundary; only the source weight question changed to also accept metric reports."
"wtkg","WTKG3",2011,2024,3,"verified",TRUE,"Same computed weight in kilograms with two implied decimal places; the variable was renamed as part of the 2011 survey redesign."
